BOOKNAME,AuthorName,companyCode
Java,Ankush,NH
Selenium,Hashim,NH
C++,Rohit ,NH
C#,Virat,NH
Python,Virat,NH
C_Sharp,Virat,NH
C_Sharp,Virat,NH
C_Sharp,Virat,NH
C_Sharp,Virat,NH
C_Sharp,Virat,NH
C_Sharp,Virat,NH
C_Sharp,Virat,NH
C_Sharp,Virat,NH
C_Sharp,Virat,NH
C_Sharp,Virat,NH
C_Sharp,Virat,NH
C_Sharp,Virat,NH
C_Sharp,Virat,NH
C_Sharp,Virat,NH
C_Sharp,Virat,NH
C_Sharp,Virat,NH
C_Sharp,Virat,NH
C_Sharp,Virat,NH
C_Sharp,Virat,NH
C_Sharp,Virat,NH
C_Sharp,Virat,NH
C_Sharp,Virat,NH
C_Sharp,Virat,NH
C_Sharp,Virat,NH
C_Sharp,Virat,NH
C_Sharp,Virat,NH
C_Sharp,Virat,NH
C_Sharp,Virat,NH
C_Sharp,Virat,NH
C_Sharp,Virat,NH
C_Sharp,Virat,NH
C_Sharp,Virat,NH
C_Sharp,Virat,NH
C_Sharp,Virat,NH
C_Sharp,Virat,NH
C_Sharp,Virat,NH
C_Sharp,Virat,NH
C_Sharp,Virat,NH
C_Sharp,Virat,NH
C_Sharp,Virat,NH
C_Sharp,Virat,NH
C_Sharp,Virat,NH
C_Sharp,Virat,NH
C_Sharp,Virat,NH
C_Sharp,Virat,NH
C_Sharp,Virat,NH
C_Sharp,Virat,NH
C_Sharp,Virat,NH
C_Sharp,Virat,NH
C_Sharp,Virat,NH
C_Sharp,Virat,NH
C_Sharp,Virat,NH
C_Sharp,Virat,NH
C_Sharp,Virat,NH
C_Sharp,Virat,NH
C_Sharp,Virat,NH
C_Sharp,Virat,NH
C_Sharp,Virat,NH
C_Sharp,Virat,NH
C_Sharp,Virat,NH
C_Sharp,Virat,NH
C_Sharp,Virat,NH
C_Sharp,Virat,NH
C_Sharp,Virat,NH
C_Sharp,Virat,NH
C_Sharp,Virat,NH
C_Sharp,Virat,NH
C_Sharp,Virat,NH
C_Sharp,Virat,NH
C_Sharp,Virat,NH
C_Sharp,Virat,NH
C_Sharp,Virat,NH
C_Sharp,Virat,NH
C_Sharp,Virat,NH
C_Sharp,Virat,NH
C_Sharp,Virat,NH
C_Sharp,Virat,NH
C_Sharp,Virat,NH
C_Sharp,Virat,NH
C_Sharp,Virat,NH
C_Sharp,Virat,NH
C_Sharp,Virat,NH
C_Sharp,Virat,NH
C_Sharp,Virat,NH
C_Sharp,Virat,NH
C_Sharp,Virat,NH
C_Sharp,Virat,NH
C_Sharp,Virat,NH
C_Sharp,Virat,NH
C_Sharp,Virat,NH
C_Sharp,Virat,NH
C_Sharp,Virat,NH
C_Sharp,Virat,NH
C_Sharp,Virat,NH
C_Sharp,Virat,NH
C_Sharp,Virat,NH
C_Sharp,Virat,NH
C_Sharp,Virat,NH
C_Sharp,Virat,NH
C_Sharp,Virat,NH
C_Sharp,Virat,NH
C_Sharp,Virat,NH
C_Sharp,Virat,NH
C_Sharp,Virat,NH
C_Sharp,Virat,NH
C_Sharp,Virat,NH
C_Sharp,Virat,NH
C_Sharp,Virat,NH
C_Sharp,Virat,NH
C_Sharp,Virat,NH
C_Sharp,Virat,NH
C_Sharp,Virat,NH
C_Sharp,Virat,NH
C_Sharp,Virat,NH
C_Sharp,Virat,NH
C_Sharp,Virat,NH
C_Sharp,Virat,NH
C_Sharp,Virat,NH
C_Sharp,Virat,NH
C_Sharp,Virat,NH
C_Sharp,Virat,NH
C_Sharp,Virat,NH
C_Sharp,Virat,NH
C_Sharp,Virat,NH
C_Sharp,Virat,NH
C_Sharp,Virat,NH
C_Sharp,Virat,NH
C_Sharp,Virat,NH
C_Sharp,Virat,NH
C_Sharp,Virat,NH
C_Sharp,Virat,NH
C_Sharp,Virat,NH
C_Sharp,Virat,NH
C_Sharp,Virat,NH
C_Sharp,Virat,NH
C_Sharp,Virat,NH
C_Sharp,Virat,NH
C_Sharp,Virat,NH
C_Sharp,Virat,NH
C_Sharp,Virat,NH
C_Sharp,Virat,NH
C_Sharp,Virat,NH
C_Sharp,Virat,NH
C_Sharp,Virat,NH
C_Sharp,Virat,NH
C_Sharp,Virat,NH
C_Sharp,Virat,NH
C_Sharp,Virat,NH
C_Sharp,Virat,NH
C_Sharp,Virat,NH
C_Sharp,Virat,NH
C_Sharp,Virat,NH
C_Sharp,Virat,NH
C_Sharp,Virat,NH
C_Sharp,Virat,NH
C_Sharp,Virat,NH
C_Sharp,Virat,NH
C_Sharp,Virat,NH
C_Sharp,Virat,NH
C_Sharp,Virat,NH
C_Sharp,Virat,NH
C_Sharp,Virat,NH
C_Sharp,Virat,NH
C_Sharp,Virat,NH
C_Sharp,Virat,NH
C_Sharp,Virat,NH
C_Sharp,Virat,NH
C_Sharp,Virat,NH
C_Sharp,Virat,NH
C_Sharp,Virat,NH
C_Sharp,Virat,NH
C_Sharp,Virat,NH
C_Sharp,Virat,NH
C_Sharp,Virat,NH
C_Sharp,Virat,NH
C_Sharp,Virat,NH
C_Sharp,Virat,NH
C_Sharp,Virat,NH
C_Sharp,Virat,NH
C_Sharp,Virat,NH
C_Sharp,Virat,NH
C_Sharp,Virat,NH
C_Sharp,Virat,NH
C_Sharp,Virat,NH
C_Sharp,Virat,NH
C_Sharp,Virat,NH
C_Sharp,Virat,NH
C_Sharp,Virat,NH
C_Sharp,Virat,NH
C_Sharp,Virat,NH
C_Sharp,Virat,NH
C_Sharp,Virat,NH
C_Sharp,Virat,NH
C_Sharp,Virat,NH
C_Sharp,Virat,NH
C_Sharp,Virat,NH
C_Sharp,Virat,NH
C_Sharp,Virat,NH
C_Sharp,Virat,NH
C_Sharp,Virat,NH
C_Sharp,Virat,NH
C_Sharp,Virat,NH
C_Sharp,Virat,NH
C_Sharp,Virat,NH
C_Sharp,Virat,NH
C_Sharp,Virat,NH
C_Sharp,Virat,NH
C_Sharp,Virat,NH
C_Sharp,Virat,NH
C_Sharp,Virat,NH
C_Sharp,Virat,NH
C_Sharp,Virat,NH
C_Sharp,Virat,NH
C_Sharp,Virat,NH
C_Sharp,Virat,NH
C_Sharp,Virat,NH
C_Sharp,Virat,NH
C_Sharp,Virat,NH
C_Sharp,Virat,NH
C_Sharp,Virat,NH
C_Sharp,Virat,NH
C_Sharp,Virat,NH
C_Sharp,Virat,NH
C_Sharp,Virat,NH
C_Sharp,Virat,NH
C_Sharp,Virat,NH
C_Sharp,Virat,NH
C_Sharp,Virat,NH
C_Sharp,Virat,NH
C_Sharp,Virat,NH
C_Sharp,Virat,NH
C_Sharp,Virat,NH
C_Sharp,Virat,NH
C_Sharp,Virat,NH
C_Sharp,Virat,NH
C_Sharp,Virat,NH
C_Sharp,Virat,NH
C_Sharp,Virat,NH
C_Sharp,Virat,NH
C_Sharp,Virat,NH
C_Sharp,Virat,NH
C_Sharp,Virat,NH
C_Sharp,Virat,NH
C_Sharp,Virat,NH
C_Sharp,Virat,NH
C_Sharp,Virat,NH
C_Sharp,Virat,NH
C_Sharp,Virat,NH
C_Sharp,Virat,NH
C_Sharp,Virat,NH
C_Sharp,Virat,NH
C_Sharp,Virat,NH
C_Sharp,Virat,NH
C_Sharp,Virat,NH
C_Sharp,Virat,NH
C_Sharp,Virat,NH
C_Sharp,Virat,NH
C_Sharp,Virat,NH
C_Sharp,Virat,NH
C_Sharp,Virat,NH
C_Sharp,Virat,NH
C_Sharp,Virat,NH
C_Sharp,Virat,NH
C_Sharp,Virat,NH
C_Sharp,Virat,NH
C_Sharp,Virat,NH
C_Sharp,Virat,NH
C_Sharp,Virat,NH
C_Sharp,Virat,NH
C_Sharp,Virat,NH
C_Sharp,Virat,NH
C_Sharp,Virat,NH
C_Sharp,Virat,NH
C_Sharp,Virat,NH
C_Sharp,Virat,NH
C_Sharp,Virat,NH
C_Sharp,Virat,NH
C_Sharp,Virat,NH
C_Sharp,Virat,NH
C_Sharp,Virat,NH
C_Sharp,Virat,NH
C_Sharp,Virat,NH
C_Sharp,Virat,NH
C_Sharp,Virat,NH
C_Sharp,Virat,NH
C_Sharp,Virat,NH
C_Sharp,Virat,NH
C_Sharp,Virat,NH
C_Sharp,Virat,NH
C_Sharp,Virat,NH
C_Sharp,Virat,NH
C_Sharp,Virat,NH
C_Sharp,Virat,NH
C_Sharp,Virat,NH
C_Sharp,Virat,NH
C_Sharp,Virat,NH
C_Sharp,Virat,NH
C_Sharp,Virat,NH
C_Sharp,Virat,NH
C_Sharp,Virat,NH
C_Sharp,Virat,NH
C_Sharp,Virat,NH
C_Sharp,Virat,NH
C_Sharp,Virat,NH
